title,price,rating,reviews,availability
"Professional Blowout Hair Dryer Brush, Black Gold Dryer and Volumizer, Hot Air Brush for Women, 75MM Oval Shape",,4.4 out of 5 stars,"4,600 ratings",In Stock.
"L'ANGE HAIR Le Volume 2-in-1 Titanium Brush Dryer Black | Hot Air Blow Dryer Brush in One with Oval Barrel | Hair Styler for Smooth, Frizz-Free Results for All Hair Types (Black)",,4.5 out of 5 stars,"5,913 ratings",In Stock.
"Hair Dryer Brush Blow Dryer Brush in One, Hair Dryer and Styler Volumizer Professional 4 in 1 Hot Air Brush, Negative Ion Anti-Frizz Blowout Hair Dryer Brush for Mothers Day Gifts for Mom",,4.3 out of 5 stars,"2,449 ratings",In Stock.
"Hair Dryer Brush Set, IG INGLAM 4 in 1 Blowout Brush, Negative Ion Detachable Hair Dryer & Styler Volumizer Hot Air Hair Dryer Brush with 2 Styling Brush Heads, Pink",,4.2 out of 5 stars,"1,651 ratings",In Stock.
REVLON One-Step Volumizer Enhanced 1.0 Hair Dryer and Hot Air Brush | Now with Improved Motor (Black),,4.6 out of 5 stars,"336,404 ratings",In Stock.
"Hot Tools 24K Gold One-Step Hair Dryer and Volumizer | Style and Dry, Professional Blowout with Ease",,4.5 out of 5 stars,"22,829 ratings",In stock.
"Professional Blowout Hair Dryer Brush, 4 in 1 One Step Hot Air Brush & Volumizer",,Previous page of related Sponsored Products,,In Stock.
"L'ANGE HAIR Le Volume 2-in-1 Titanium Brush Dryer Black | Hot Air Blow Dryer Brush in One with Oval Barrel | Hair Styler for Smooth, Frizz-Free Results for All Hair Types (Black - 75MM)",,4.5 out of 5 stars,"5,913 ratings",In Stock.
"Professional Blowout Hair Dryer Brush, Black Gold Dryer and Volumizer, Hot Air Brush for Women, 75MM Oval Shape",,4.4 out of 5 stars,"4,600 ratings",In Stock.
"Professional Hair Dryer Brush for Women, 2 in 1 Volumizing Brush Dryer, Oval Brush Blow Dryer 75MM with a Hard Travel Case and Premium Gift Box",,4.4 out of 5 stars,820 ratings,In Stock.
"LANDOT Hair Blow Dryer Brush and Volumizer, One-Step Hot Air Brush for Drying, Straightening, Volumizing",,4.4 out of 5 stars,739 ratings,In Stock.
"Hair Dryer Brush Set, IG INGLAM 4 in 1 Blowout Brush, Negative Ion Detachable Hair Dryer & Styler Volumizer Hot Air Hair Dryer Brush with 2 Styling Brush Heads, Pink",,4.2 out of 5 stars,"1,651 ratings",In Stock.
"Hair Dryer Brush Blow Dryer Brush in One, 4 in 1 Styling Tools Blow Dryer with Ceramic Oval Barrel, Hair Dryer and Styler Volumizer, Hot Air Brush Hair Straightener Brush for All Hair Types",,4.1 out of 5 stars,436 ratings,In Stock.
"Siwtok One Step Hair Dryer Brush,Blow Dryer Brush,Professional Hot Air Brush for Women with Negative Ions,1200W(Pink)",,4.3 out of 5 stars,155 ratings,Only 13 left in stock - order soon.
"Drybar Double Shot Oval Blow Dryer Brush | Style, Dry, Brush in One Step (2.44 in)",,4.5 out of 5 stars,"2,975 ratings",In Stock.
CHI Volumizer 4-in-1 Blowout Brush | Ceramic and Ion Technology | Black,,4.4 out of 5 stars,"1,552 ratings",In Stock.
"Hair Dryer Brush, Blow Dryer Brush Dryer and Styler Volumize in One Gold Valentine's Day Gifts for Women",,4.5 out of 5 stars,"1,151 ratings",In Stock.
"Blow Dryer Brush, 4 in 1 Blowout Brush,Hair Dryer Brush and Volumizer,Negative Ion Detachable Hair Dryer Styler Hot Air Hair Dryer for Straightening Curling Drying Multifunctional Styling",,4.2 out of 5 stars,128 ratings,In Stock.
"Bed Head One Step Volumizer and Hair Dryer | Dry, Straighten, Texture, Style in One Step (Pink)",,4.5 out of 5 stars,"9,998 ratings",In Stock.
"Professional Blowout Hair Dryer Brush, Pro 24K Gold One Step Hot Air Brush & Volumizer, Hair Straightener Brush and Hair Dryer Brush for Women",,Previous page of related Sponsored Products,,In Stock.
"Hair Dryer Brush, Blow Dryer Brush, 4 in 1 Hot Air Brush, One Step Hair Dryer & Styler Volumizer with Enhanced Titanium Barrel, Blow Dryer Brush for Women (Gold)",,4.4 out of 5 stars,"1,517 ratings",In Stock.
"Beautimeter Hair Dryer Brush, 3-in-1 Round Hot Air Spin Brush Kit for Styling and Frizz Control, Negative Ionic Blow Hair Dryer Brush Volumizer, 2 Detachable Auto-Rotating Curling Brush, Black & Gold",,3.8 out of 5 stars,"6,277 ratings",In Stock.
"Blow Dryer Brush, 4 in 1 Blowout Brush,Hair Dryer Brush and Volumizer,Negative Ion Detachable Hair Dryer Styler Hot Air Hair Dryer for Straightening Curling Drying Multifunctional Styling",,4.2 out of 5 stars,128 ratings,In Stock.
"LANDOT Hair Blow Dryer Brush and Volumizer, One-Step Hot Air Brush for Drying, Straightening, Volumizing",,4.4 out of 5 stars,739 ratings,In Stock.
"APOKE Brush Hair Dryer, Professional 1200W Ceramic Tourmaline Ionic Hot Air Styling Brush, One Step Hair Dryer & Styler Volumizer, Blow Dryer Curling Brush, Electric Hair Curler Straightener Brush",,4.3 out of 5 stars,249 ratings,In Stock.
"Conair Hot Air Brush, Double Ceramic Hot Comb for Hair Curling, Hair Styling Tools & Appliances",,3.9 out of 5 stars,"2,826 ratings",In Stock.
"Revlon One Step Root Booster Round Brush Dryer and Hair Styler | Fight Frizz and Add Volume, (1-1/2 in)",,4.2 out of 5 stars,"2,690 ratings",In Stock.
"INFINITIPRO by Conair Blow Dryer Brush, The Knot Dr. All-In-One Hot Air Brush, Hair Styling Tools & Appliances",,4.3 out of 5 stars,"6,926 ratings",In Stock.
"Hair Dryer Brush, FVW Hot Air Brush, Hair Dryer Styler & Volumizer 3-in-1 Brush for Hair Fast Drying, Straightening and Curling, 3-Adjustable Temperature and Speed, Golden",,4.3 out of 5 stars,"1,023 ratings",In Stock.
"4 in 1 Hair Dryer Brush Set, Wizchark Ionic Hot Air Brush, Volumizer Anti-frizz Blow Dryer Brush, Straightening Curling Brush for Long&Short Hair W/4 Interchangeable Brush Heads Black Blowout Brush",,3.9 out of 5 stars,106 ratings,In Stock.
"Beautimeter Hair Dryer Brush, 3-in-1 Round Hot Air Spin Brush Kit for Styling and Frizz Control, Negative Ionic Blow Hair Dryer Brush Volumizer, 3 Detachable Auto-Rotating Curling Brush, Black & Gold",,3.0 out of 5 stars,51 ratings,In Stock.
"APOKE One Step Hair Dryer Brush and Styler Volumizer, Multifunctional 4 in 1 Ceramic Tourmaline Negative Ion Hot Air Styling Brush, Professional Salon Blow Dryer Brush for Drying Curling Straightening",,4.3 out of 5 stars,455 ratings,In Stock.
"Calista Tools Calista StyleDryer Pro Custom Blowout, 2-in-1 Styling Tool, Blow Dryer and Styling Brush for All Hair Types, Includes 2 Brush Attachments, Powder Pink, 2"", Medium, 1 ct.",,3.9 out of 5 stars,242 ratings,In Stock.
"Professional Blowout Hair Dryer Brush, Black Gold Dryer and Volumizer, Hot Air Brush for Women, 75MM Oval Shape",,4.4 out of 5 stars,"4,600 ratings",In Stock.
"Hair Dryer Brush Blow Dryer Brush Salon Styler Hair Dryer and Volumizer with Three Interchangeable Barrels, Hot Air Brush Kit",,3.9 out of 5 stars,925 ratings,In Stock.
"Professional Hair Dryer Brush for Women, 2 in 1 Volumizing Brush Dryer, Oval Brush Blow Dryer 75MM with a Hard Travel Case and Premium Gift Box",,4.4 out of 5 stars,820 ratings,In Stock.
"Hair Dryer Brush Blow Dryer Brush in One, Multi-Function Hot Air Brush Hair Dryer and Styler Volumizer, Negative Ion Anti-Frizz Hair Straightener Brush with Ceramic Titanium Barrel, 75 MM Oval Shape",,4.2 out of 5 stars,18 ratings,In Stock.
"APOKE 3 in 1 Hair Dryer Brush & Straightener Brush, Professional 1200W Powerful Ceramic Tourmaline Ionic Hot Air Brush, 3 Heat/2 Speed Settings One Step Hair Dryer and Styler for All Hair Types",,4.3 out of 5 stars,"1,592 ratings",In Stock.
"Brightup Hair Dryer Brush, Blow Dryer & Volumizer Styler Hot Air Brush, Negative Ionic Electric Hair Curler Straightener Brush, Detachable & Interchangeable Brush Head with Heat Protective Glove",,4.2 out of 5 stars,278 ratings,In Stock.
"Bo’laiya Hair Dryer Brush, 5 in 1 Negative Ionic Electric Hot Air Brush, Detachable and Interchangeable Hair Curler Straightener Comb, Salon Blow Dryer Brush with Heat Protective Glove",,Previous page of related Sponsored Products,,In Stock.
"Hair Trends 1.5 Inch Plasma Hot Air Brush,Hair Dryer Brush Blow Dryer Brush 4 in 1,Blowout Brush Hair Dryer,Hair Brush Blow Dryer,One Step Hair Dryer,One-Step Volumizer Original,White & Rose Gold",,4.6 out of 5 stars,35 ratings,In Stock.
"1300W Blow Dryer Brush, with High-Speed Brushless Motor (11000 RPM), Salon-Grade Hair Dryer Brush, Heated Curling Brush, with Negative Ions, Style, Curl, and Volumize, All-in-One Blow Dryer Brush",,3.8 out of 5 stars,33 ratings,In Stock.
"Hair Dryer Brush Blow Dryer Brush in One, 4 in 1 One-Step Hair Dryer and Styler Volumizer with Negative Ion Ceramic Hot Air Styling Brush, Professional Salon Hair Straightener Brush 75MM Oval Barrel",,1.0 out of 5 stars,1 rating,In Stock.
"Hair Dryer Brush,Hot Air Brush, Blow Dryer bruch,One Step Hair Dryer and Volumizer with Salon Negative Ionic for Straightening, Professional Brush Hair Dryers for Men and Women (Black）",,3.9 out of 5 stars,143 ratings,In Stock.
"LANDOT Hair Blow Dryer Brush and Volumizer, One-Step Hot Air Brush for Drying, Straightening, Volumizing",,4.4 out of 5 stars,739 ratings,In Stock.
"Blow Dryer Brush, 4 in 1 Hair Dryer Brush for Drying Straightening Curling, Negative Ion Round Hot Air Brush Lightweight Volumizing Brush Blow Dryer & Styler Volumizer with 4 Detachable Attachments",,4.7 out of 5 stars,32 ratings,In Stock.
"OCAEIW Volumizer Hair Dryer Brush, Hot-Air Hair Brushes, One Step Hair Dryer and Styler with Alci Plug for Women, Wig , Blow Dryer Brush for Straightening, Drying, Curling, Pink",,4.9 out of 5 stars,17 ratings,In Stock.
"REVLON One-Step Volumizer Original 1.0 Hair Dryer and Hot Air Brush, Pink",,4.6 out of 5 stars,"19,943 ratings",
"Revlon 1200W Perfect Style Hot Air Kit | Style, Curl, and Volumize, 3 Piece Set",,3.9 out of 5 stars,"13,698 ratings",In Stock.
"REVLON All-In-One Style Hot Air Kit | Curl and Volumize Hair, Salon-Styled Finish",,3.8 out of 5 stars,"10,390 ratings",In Stock.
"Hair Dryer Brush, MiroPure Hot Air Brush, 4 in 1 Blow Dryer Brush for Women, One-Step Hair Dryer & Volumizer Brush with Leakage Protector, Blow Dryer Curling Brush, Upgraded Version Round Design",,4.2 out of 5 stars,261 ratings,In Stock.
"Plavogue Hair Dryer Brush,Dual Voltage Blow Dryer Brush Volumizer & Negative Ionic One-Step Hot Air Brush in One for Travel Salon Blowout Brush International Upgraded Version",,4.0 out of 5 stars,"1,232 ratings",In Stock.
Magnifeko Hair Dryer Brush - Blow Dryer Brush for Women for Hair Drying - Brush Blow Dryer - Blowout hot air Brush - Hair Tools for Styling (Black Rose Gold),,4.3 out of 5 stars,"1,713 ratings",In Stock.
"Travel Hair Dryer Brush Blow Dryer Brush in one,Small hot air Brush,Hair Trends Nano Titanium 2 Inch One Step Hair Dryer and Volumizer",,4.7 out of 5 stars,46 ratings,In Stock.
"L'ANGE HAIR Le Volume 2-in-1 Titanium Brush Dryer Black | Hot Air Blow Dryer Brush in One with Oval Barrel | Hair Styler for Smooth, Frizz-Free Results for All Hair Types (Black - 75MM)",,4.5 out of 5 stars,"5,913 ratings",In Stock.
"Revlon One-Step Hair Dryer and Styler | Detangle, Dry, and Smooth Hair, (Pink)",,4.5 out of 5 stars,"57,470 ratings",In Stock.
"Hair Dryer Brush Blow Dryer Brush in One, 3 in 1 Hair Dryer and Styler Volumizer with Negative Ion Anti-frizz Blowout Ceramic Coating Hot Air Brush, Mothers Day Gifts for Mom, 75MM Oval Shape",,4.1 out of 5 stars,"2,282 ratings",In Stock.
Blowout Hair Dryer Brush Hot Air Blow Pulchram Salon One Step Volumizer Styler,,4.4 out of 5 stars,37 ratings,In Stock.
"Professional Hot Air Brush for Women, Multipurpose Beauty Hair Dryer Brush for Curling or Straightening, Hair Volumizer, Blow Dryer Brush with Interchangeable Brushing Heads for All Hair Types",,4.2 out of 5 stars,337 ratings,In Stock.
"Hair Dryer Brush Blow Dryer Brush in One, 4 in 1 One Step Hair Dryer and Styler Volumizer Professional Hot Air Brush with Negative Ion Anti-frizz Blowout for Drying, Straightening, Curling, Salon",,4.4 out of 5 stars,529 ratings,In Stock.
"Beautimeter Hair Dryer Brush, 3-in-1 Round Hot Air Spin Brush Kit for Styling and Frizz Control, Negative Ionic Blow Hair Dryer Brush Volumizer, 3 Detachable Auto-Rotating Curling Brush, Black & Gold",,3.0 out of 5 stars,51 ratings,In Stock.
"Hair Dryer Brush Set, IG INGLAM 4 in 1 Blowout Brush, Negative Ion Detachable Hair Dryer & Styler Volumizer Hot Air Hair Dryer Brush with 2 Styling Brush Heads, Silver",,4.2 out of 5 stars,"1,651 ratings",In Stock.
"Professional Blow Dryer Brush Hair Styler by UZALLA | Powerful Frizz-Eliminating Ionic Hair Dryer Brush | Hot Air Brush Dryer and Volumizer for Women | Dual-Action Bristles, & 75MM Oval Shape",,4.3 out of 5 stars,80 ratings,In Stock.
"Hair Dryer Brush - TYMO Ionic Blow Dryer Brush & Volumizer, Professional One-Step Hot Air Brush with Enhanced Titanium Barrel, Hair Dryer And Styler in One",,4.1 out of 5 stars,"2,090 ratings",In Stock.
"Hair Dryer Brush, Etekcity Blow Dryer Hot Air Brush for Women, One Step Hair Dryer and Styler Volumizer, Quattro Ionic Generator, Ceramic Coating & 3 Temperature Settings, ETL & CA65 Certified",,4.3 out of 5 stars,299 ratings,Only 9 left in stock - order soon.
"Negative ion Hair Straightener Brush,Small Hair Dryer Brush with Brush Cases,hot Hair Brush,Hair Dryer Brush for Short Hair,Blow Dry Brush,Paddle Brush Dryer,One Step Hair Dryer and Volumizer",,4.0 out of 5 stars,277 ratings,In Stock.
"L'ANGE HAIR Le Volume 2-in-1 Titanium Brush Dryer Black | Hot Air Blow Dryer Brush in One with Oval Barrel | Hair Styler for Smooth, Frizz-Free Results for All Hair Types (Black)",,4.5 out of 5 stars,"5,913 ratings",In Stock.
"Hair Dryer Brush & Volumizer Hot Air Brush, 3-in-1 Blow Dryer Brush Styler for Straightening, Curling, Salon Negative Ion Ceramic Lightweight Dryers Straightener Curl Hair Brush for Wet and Dry Hair",,4.0 out of 5 stars,"3,065 ratings",In Stock.
"Hair Trends 1.5 Inch Plasma Hot Air Brush,Hair Dryer Brush Blow Dryer Brush 4 in 1,Blowout Brush Hair Dryer,Hair Brush Blow Dryer,One Step Hair Dryer,One-Step Volumizer Original,White & Rose Gold",,4.6 out of 5 stars,35 ratings,In Stock.
"Plavogue Hair Dryer Brush,Dual Voltage Blow Dryer Brush Volumizer & Negative Ionic One-Step Hot Air Brush in One for Travel Salon Blowout Brush International Upgraded Version",,4.0 out of 5 stars,"1,232 ratings",In Stock.
